31 March 2016,9:0,6
31 March 2016,9:10,5
31 March 2016,9:20,5
31 March 2016,9:30,5
31 March 2016,9:40,6
31 March 2016,9:50,5
31 March 2016,10:0,5
31 March 2016,10:10,5
31 March 2016,10:20,5
31 March 2016,10:30,5
31 March 2016,10:40,5
31 March 2016,10:50,6
31 March 2016,11:0,7
31 March 2016,11:10,6
31 March 2016,11:20,7
31 March 2016,11:30,7
31 March 2016,11:40,6
31 March 2016,11:50,6
31 March 2016,12:0,7
31 March 2016,12:10,7
31 March 2016,12:20,7
31 March 2016,12:30,7
31 March 2016,12:40,7
31 March 2016,12:50,7
31 March 2016,13:0,7
31 March 2016,13:10,6
31 March 2016,13:20,6
31 March 2016,13:30,7
31 March 2016,13:40,8
31 March 2016,13:50,7
31 March 2016,14:0,8
31 March 2016,14:10,7
31 March 2016,14:20,6
31 March 2016,14:30,7
31 March 2016,14:40,8
31 March 2016,14:50,7
31 March 2016,15:0,7
31 March 2016,15:10,7
31 March 2016,15:20,6
31 March 2016,15:30,7
31 March 2016,15:40,6
31 March 2016,15:50,7
31 March 2016,16:0,7
31 March 2016,16:10,6
31 March 2016,16:20,7
31 March 2016,16:30,6
31 March 2016,16:40,7
31 March 2016,16:50,6
31 March 2016,17:0,5
31 March 2016,17:10,5
31 March 2016,17:20,5
31 March 2016,17:30,5
31 March 2016,17:40,5
31 March 2016,17:50,4
31 March 2016,18:0,5
31 March 2016,18:10,6
31 March 2016,18:20,4
31 March 2016,18:30,4
31 March 2016,18:40,4
31 March 2016,18:50,6
31 March 2016,19:0,7
31 March 2016,19:10,6
31 March 2016,19:20,6
31 March 2016,19:30,7
31 March 2016,19:40,6
31 March 2016,19:50,6
31 March 2016,20:0,5
31 March 2016,20:10,4
31 March 2016,20:20,6
31 March 2016,20:30,6
31 March 2016,20:40,6
31 March 2016,20:50,5
31 March 2016,21:0,4
31 March 2016,21:10,4
31 March 2016,21:20,4
31 March 2016,21:30,6
31 March 2016,21:40,5
31 March 2016,21:50,4
31 March 2016,22:0,3
31 March 2016,22:10,4
31 March 2016,22:20,4
31 March 2016,22:30,4
31 March 2016,22:40,4
31 March 2016,22:50,3
31 March 2016,23:0,3
31 March 2016,23:10,4
31 March 2016,23:20,4
31 March 2016,23:30,5
31 March 2016,23:40,5
31 March 2016,23:50,3
